,prediction_0,prediction_1,prediction_2,prediction_3,prediction_4,prediction_5,prediction_6,prediction_7,prediction_8,prediction_9,prediction_10,prediction_11,prediction_12,prediction_13,prediction_14,prediction_15,prediction_16,prediction_17,prediction_18,prediction_19,prediction_20,prediction_21,prediction_22,prediction_23,prediction_24,prediction_25,prediction_26,prediction_27,prediction_28,prediction_29,prediction_30,prediction_31,prediction_32,prediction_33,prediction_34,prediction_35,prediction_36,prediction_37,prediction_38,prediction_39,prediction_40,prediction_41,prediction_42,prediction_43,prediction_44,prediction_45,prediction_46,prediction_47,prediction_48,prediction_49
2018-06-22 16:00:00,5.140954971313477,5.162357807159424,5.05720329284668,5.170404434204102,5.510565280914307,5.294763565063477,5.239948272705078,5.501002311706543,4.966436386108398,5.037885665893555,5.090671539306641,4.972332954406738,5.049233436584473,5.215645790100098,5.226229667663574,5.139895439147949,5.315546035766602,5.376433849334717,4.9375410079956055,5.213293075561523,5.3053178787231445,5.214114189147949,4.973913192749023,5.387740612030029,5.115941047668457,5.3844895362854,5.376899719238281,5.1948041915893555,5.52952766418457,5.339140892028809,5.343323707580566,5.098228931427002,5.230423450469971,5.175908088684082,5.458249568939209,5.346303462982178,5.151432037353516,5.150277614593506,5.376411437988281,5.21623420715332,6.808506011962891,5.006101608276367,5.208690166473389,5.3917999267578125,5.006331443786621,5.061532974243164,4.9224958419799805,5.372883319854736,5.511770725250244,4.906233310699463
2018-06-22 17:00:00,5.5831298828125,5.416685581207275,5.362843036651611,5.686074256896973,5.732834815979004,5.51647424697876,5.5907368659973145,5.953727722167969,5.188256740570068,5.3289008140563965,5.446197509765625,5.187374114990234,5.3052263259887695,5.729241847991943,5.445065021514893,5.461684226989746,5.498863220214844,6.114414215087891,5.175637245178223,5.991734504699707,5.549921035766602,5.407791614532471,5.505004405975342,5.630773544311523,5.438414573669434,6.080157279968262,5.716376781463623,5.3055877685546875,6.1169514656066895,5.857999801635742,6.087498188018799,5.452818870544434,5.561991214752197,5.5739946365356445,6.001773834228516,6.160844326019287,5.394039154052734,5.429867267608643,5.999744892120361,5.818758010864258,6.533420562744141,5.17935848236084,5.6898512840271,6.42898416519165,5.220119476318359,5.71968936920166,5.115728378295898,5.531603813171387,5.8895978927612305,5.148487091064453
2018-06-22 18:00:00,5.544431209564209,5.6145734786987305,5.626308441162109,5.870567321777344,6.075313091278076,5.747382640838623,5.67227840423584,6.211404323577881,5.442530632019043,5.547122955322266,5.525262355804443,5.381824493408203,5.474547386169434,5.764809608459473,5.597271919250488,5.449775695800781,5.7093634605407715,5.870513916015625,5.4309892654418945,5.928805351257324,5.678492069244385,5.568058967590332,5.742218017578125,5.726851940155029,5.540148735046387,6.114789009094238,5.974046230316162,5.320497512817383,6.327436447143555,6.095931053161621,5.902313232421875,5.560251235961914,5.394731521606445,5.644699573516846,5.774659156799316,6.298122882843018,5.595263481140137,5.590967655181885,5.750471591949463,5.518792629241943,6.368295669555664,5.368109226226807,5.807401180267334,6.749131679534912,5.5497307777404785,5.730291366577148,5.237947463989258,5.758876800537109,5.574924945831299,5.372485160827637
2018-06-22 19:00:00,5.753759860992432,5.727686405181885,5.695724964141846,6.043167591094971,6.4139485359191895,5.92848539352417,5.695138931274414,6.33920955657959,5.496971130371094,5.692438125610352,5.692230701446533,5.51661491394043,5.674122333526611,5.938096523284912,5.733960151672363,5.728114128112793,5.793112277984619,5.988714694976807,5.519701957702637,5.923699855804443,5.727842807769775,5.742982387542725,5.715804576873779,5.687469959259033,5.7627644538879395,6.176164150238037,5.964515209197998,5.764557361602783,6.418637752532959,6.055978775024414,5.7056097984313965,5.6795430183410645,5.7375359535217285,5.902604103088379,5.790356159210205,6.454936981201172,5.467636585235596,5.614686489105225,5.894432067871094,5.167970180511475,6.425785541534424,5.887693405151367,6.00194787979126,6.762119770050049,5.553173542022705,5.614841938018799,5.325375080108643,5.93389892578125,5.595644474029541,5.488640785217285
2018-06-22 20:00:00,5.730361461639404,5.732196807861328,5.737436771392822,5.971373558044434,6.392683506011963,5.994525909423828,5.650388717651367,6.2613654136657715,5.648877143859863,5.776516914367676,5.744095325469971,5.654392242431641,5.776071071624756,5.944751262664795,5.765570640563965,5.860408782958984,5.804714202880859,5.788434982299805,5.678138256072998,5.8715996742248535,5.716130256652832,5.7618937492370605,5.72196626663208,5.610163688659668,5.835026741027832,6.136032581329346,5.865149021148682,6.012067794799805,6.35410737991333,5.915351390838623,5.257108211517334,5.775173187255859,5.5198540687561035,5.9702582359313965,5.459542274475098,6.4568634033203125,5.34130334854126,5.592419624328613,5.906987190246582,5.210851192474365,6.538789749145508,6.091075420379639,6.085145473480225,6.3520731925964355,5.72367000579834,6.8739118576049805,5.488313674926758,5.90381383895874,5.502233982086182,5.614410400390625
2018-06-22 21:00:00,5.83192777633667,5.664684772491455,5.79888391494751,5.940566062927246,6.261929512023926,5.798756122589111,5.856586933135986,6.175055027008057,5.7410759925842285,5.917535305023193,5.7918171882629395,5.702284336090088,5.906386852264404,6.029735088348389,5.890288829803467,5.976651191711426,5.798752307891846,6.032264232635498,5.786499977111816,6.076552391052246,5.893526077270508,5.8125433921813965,5.877047538757324,5.505927562713623,5.909773349761963,6.08457612991333,5.800071716308594,6.294534206390381,6.428056716918945,5.8982110023498535,5.177643299102783,5.9904069900512695,5.5830512046813965,6.018000602722168,5.763945579528809,6.490108489990234,5.306455612182617,5.743371963500977,6.116284370422363,5.255825042724609,6.991703987121582,6.028940677642822,6.163294792175293,6.152021884918213,5.740124702453613,6.346024513244629,5.6492438316345215,6.1708664894104,5.593905925750732,5.593441009521484
2018-06-22 22:00:00,5.973345756530762,5.7446818351745605,5.929585933685303,5.9374847412109375,6.34670352935791,5.9695916175842285,5.978629112243652,6.127371788024902,5.807692527770996,5.954954147338867,5.986658096313477,5.797285079956055,5.932260990142822,6.033484935760498,5.989438056945801,5.934342384338379,5.831523895263672,6.021336555480957,5.992336273193359,6.0749406814575195,5.916346073150635,5.843197822570801,5.942307949066162,5.672143459320068,5.941911697387695,6.000454425811768,5.9935994148254395,6.49080228805542,6.529397964477539,6.035347938537598,5.516053676605225,6.007918357849121,5.634603500366211,5.96448278427124,5.798954486846924,6.57403564453125,5.612673282623291,5.914868354797363,6.1226420402526855,5.106146335601807,6.9234724044799805,6.135897636413574,6.025058746337891,6.180431842803955,5.859489440917969,6.350492477416992,5.761929988861084,6.38606071472168,5.756781101226807,5.652824878692627
2018-06-22 23:00:00,6.0237250328063965,5.873741626739502,5.928869247436523,5.900750160217285,6.425533771514893,5.925865650177002,6.11603307723999,6.065054416656494,5.989136219024658,5.938509941101074,6.04858922958374,5.9972052574157715,5.9199604988098145,6.012670993804932,5.983597278594971,6.021552562713623,5.9202046394348145,5.8963799476623535,6.011478424072266,5.916014194488525,5.960885047912598,6.025856971740723,5.952165603637695,5.782364368438721,6.022626876831055,5.892336845397949,6.204214572906494,6.777671813964844,6.593862056732178,5.891842365264893,5.6855244636535645,6.056199550628662,5.589432716369629,5.996024131774902,5.904775142669678,6.595958232879639,5.64897346496582,5.984526634216309,6.130163669586182,5.329561233520508,6.888893127441406,6.360219955444336,6.078840255737305,6.225083351135254,6.284402847290039,6.333169937133789,5.885888576507568,6.374099254608154,5.573862075805664,5.76546573638916
2018-06-23 00:00:00,6.052653789520264,5.944200038909912,5.944443225860596,5.970181941986084,6.665195465087891,5.85506010055542,6.242499828338623,5.777644157409668,6.022150039672852,5.96718168258667,6.049077033996582,5.978384971618652,5.953288555145264,6.05814266204834,6.085224628448486,6.004421234130859,6.02017068862915,6.058416843414307,6.036179065704346,6.016321182250977,5.959136009216309,5.926790237426758,5.972355365753174,5.988004207611084,6.0091447830200195,5.961824417114258,6.2012529373168945,6.642249584197998,6.780799865722656,6.163331508636475,5.613059043884277,6.207327842712402,5.525894641876221,6.057073593139648,5.968649387359619,6.587637901306152,5.777848243713379,6.092749118804932,6.299331188201904,5.233198642730713,6.7686767578125,6.371922492980957,6.091651916503906,6.040762424468994,6.213977336883545,6.317159652709961,6.024093151092529,6.2259650230407715,5.77046537399292,5.831418514251709
2018-06-23 01:00:00,6.264516353607178,6.029459476470947,5.964304447174072,6.058740615844727,6.700471878051758,6.058234691619873,6.252094745635986,6.12286376953125,6.062161922454834,6.030488014221191,6.045163154602051,6.0356669425964355,6.015614986419678,6.35732364654541,6.183487415313721,6.111907482147217,6.071207523345947,6.169365882873535,6.087705612182617,5.962286949157715,5.965655326843262,6.040555953979492,6.030365943908691,6.056730270385742,6.048051357269287,5.911309242248535,6.104785442352295,6.6858649253845215,6.730021953582764,6.30619478225708,5.431085586547852,6.309675693511963,5.608192443847656,6.209934711456299,6.005970478057861,6.7780609130859375,6.03673791885376,6.180583953857422,6.289536476135254,5.305802345275879,6.603134632110596,6.564487457275391,6.09665584564209,5.95626163482666,6.272833347320557,6.067032337188721,6.143804550170898,6.585436820983887,5.792556285858154,6.017611026763916
2018-06-23 02:00:00,6.508514881134033,5.934966087341309,5.960227966308594,6.133671283721924,6.7771100997924805,6.153676986694336,6.334322929382324,6.4091596603393555,6.124199390411377,6.025166988372803,6.051187515258789,6.0005974769592285,6.02995491027832,6.564427852630615,6.309546947479248,6.215158462524414,6.194571495056152,6.677086353302002,6.126706600189209,6.1337761878967285,6.036466598510742,5.965616703033447,6.018041610717773,6.00684928894043,6.117716312408447,6.117033958435059,5.884772777557373,6.719318389892578,7.144096374511719,6.5308756828308105,5.765620708465576,6.404854774475098,5.871380805969238,6.321296691894531,6.385406970977783,6.538212299346924,6.024238109588623,6.259490013122559,6.408449172973633,5.721295356750488,6.668382167816162,6.74539852142334,6.2220258712768555,6.077417850494385,6.296063423156738,5.839065074920654,6.337666988372803,6.238367557525635,6.145689487457275,6.095653533935547
2018-06-23 03:00:00,6.538739204406738,5.964438438415527,5.965303897857666,6.34652042388916,6.678705215454102,6.282309055328369,6.388887882232666,6.277651309967041,6.238696098327637,6.000344276428223,6.115240097045898,6.032173156738281,6.004544258117676,6.67904806137085,6.374185562133789,6.413898944854736,6.3653411865234375,6.586013317108154,6.2425312995910645,6.225636005401611,5.93019962310791,5.9025421142578125,5.977924346923828,5.980523586273193,6.2452898025512695,6.076024055480957,6.0911993980407715,6.719933986663818,7.073704719543457,6.4017438888549805,6.02273416519165,6.650970458984375,6.1808085441589355,6.403738498687744,6.480123519897461,6.562872886657715,5.930300712585449,6.410877704620361,6.457000255584717,5.5736823081970215,6.993203163146973,6.491987228393555,6.378509521484375,6.639414310455322,6.177009105682373,5.6595892906188965,6.406044960021973,6.434060573577881,6.665807247161865,6.087387561798096
2018-06-23 04:00:00,6.719025611877441,6.014643669128418,5.993969440460205,6.425708293914795,6.772953987121582,6.53043270111084,6.562621116638184,6.700072288513184,6.304389953613281,5.970247745513916,6.310739040374756,6.047400951385498,6.005890369415283,6.683279514312744,6.351284503936768,6.578370094299316,6.431912422180176,6.784208297729492,6.323309898376465,6.247794151306152,5.919826984405518,6.078510284423828,6.084316730499268,6.017601013183594,6.428715229034424,6.310383319854736,5.802690505981445,6.722201347351074,7.051937580108643,6.268548488616943,5.7904887199401855,6.894352436065674,6.418637275695801,6.397538185119629,6.906386375427246,6.863888740539551,6.057075023651123,6.394323348999023,6.216704368591309,5.61810827255249,7.376840114593506,6.125488758087158,6.274635314941406,6.547260761260986,6.0805344581604,5.851433277130127,6.645350933074951,6.410682678222656,7.053330898284912,6.125820636749268
2018-06-23 05:00:00,6.673300266265869,6.077330112457275,5.963315486907959,6.432605266571045,6.635196685791016,6.595820903778076,6.754894733428955,6.83638858795166,6.274674415588379,5.998786449432373,6.265438079833984,6.062793731689453,6.003696441650391,6.794425964355469,6.489412307739258,6.769562721252441,6.529136657714844,6.67996072769165,6.249390602111816,6.059673309326172,5.790900230407715,6.011380195617676,6.109536647796631,5.971835136413574,6.472038745880127,6.311215400695801,6.032016277313232,6.620566368103027,6.899032115936279,6.374136447906494,5.894668102264404,6.776851654052734,6.370116233825684,6.444528579711914,6.57975435256958,6.964076042175293,5.909171104431152,6.385282039642334,6.39044713973999,5.390818119049072,7.201565265655518,5.834689617156982,6.500915050506592,6.64487361907959,6.051507472991943,6.292344093322754,6.682467937469482,6.5233354568481445,6.344598293304443,6.173702239990234
2018-06-23 06:00:00,6.604734420776367,6.401127815246582,6.065318584442139,6.490074634552002,6.790327072143555,6.780324459075928,6.68302583694458,6.892127990722656,6.507133960723877,6.097001552581787,6.526729106903076,6.175188064575195,6.081152439117432,6.8555588722229,6.522847652435303,6.484584808349609,6.718502521514893,6.564728260040283,6.449014186859131,6.203041076660156,5.994961261749268,5.991186618804932,6.209829807281494,5.876040458679199,6.74954891204834,6.357406139373779,5.999658107757568,6.760097503662109,6.855179309844971,6.394179821014404,6.17112922668457,6.904599189758301,6.4682230949401855,6.670414447784424,6.652057647705078,6.9505696296691895,5.9166765213012695,6.4430646896362305,6.556252956390381,5.445674419403076,6.939075946807861,5.731110572814941,6.667746067047119,6.579253673553467,6.108125686645508,6.628851413726807,6.6973161697387695,6.513956069946289,5.684669017791748,6.195204257965088
2018-06-23 07:00:00,6.663199424743652,6.640664100646973,6.2243733406066895,6.534809589385986,6.560269355773926,6.4451189041137695,6.949888706207275,6.906299591064453,6.596793174743652,6.232059001922607,6.635924816131592,6.291266441345215,6.233315467834473,6.939983367919922,6.621114730834961,6.710603713989258,6.863353252410889,6.555410385131836,6.518584728240967,6.3129730224609375,6.045846462249756,6.145284175872803,6.31912899017334,5.924428462982178,6.98122501373291,6.382541656494141,6.060779571533203,6.530040264129639,6.900077819824219,6.514902591705322,6.346169471740723,7.070625305175781,6.434661388397217,6.598882675170898,6.6098809242248535,6.9236907958984375,5.955617904663086,6.494441509246826,6.685258865356445,5.207573890686035,6.751688003540039,5.568427085876465,6.71524715423584,6.488805770874023,6.178547382354736,6.842325210571289,6.915157318115234,6.515491008758545,5.366793155670166,6.193850994110107
2018-06-23 08:00:00,6.749851226806641,6.853060722351074,6.315710067749023,6.554619312286377,6.885641098022461,6.629934310913086,7.329587936401367,7.077932834625244,6.699346542358398,6.266181468963623,6.757582664489746,6.387246608734131,6.316349983215332,7.093845367431641,6.5985918045043945,6.952569484710693,6.858434677124023,6.676780700683594,6.640772819519043,6.509085655212402,6.067663669586182,6.337327480316162,6.603447437286377,5.930172443389893,7.159981727600098,6.657383441925049,6.025320053100586,6.860320091247559,7.167289733886719,6.477583885192871,6.298113822937012,7.276035785675049,6.4851579666137695,6.593707084655762,6.665111064910889,7.0648193359375,5.977240562438965,6.697322845458984,6.646988391876221,5.686435222625732,6.770715713500977,5.418060779571533,6.947690010070801,6.749401092529297,6.21114444732666,6.9906840324401855,7.000789642333984,6.4606781005859375,6.012810230255127,6.2394819259643555
2018-06-23 09:00:00,6.889169692993164,6.921298027038574,6.353868007659912,6.573051929473877,6.761202812194824,6.550252914428711,7.350611686706543,7.147454261779785,6.83695125579834,6.327481746673584,6.872673988342285,6.479124546051025,6.376058101654053,7.172255992889404,6.534818172454834,7.008609771728516,7.0164642333984375,6.5796403884887695,6.677995681762695,6.580434799194336,6.385039329528809,6.405996322631836,6.709113121032715,5.994448661804199,7.3345513343811035,6.683559894561768,6.270631790161133,6.6713690757751465,7.502734184265137,6.619838237762451,6.524631977081299,7.381806373596191,6.530923366546631,6.684756755828857,6.540536880493164,7.186276435852051,6.173507213592529,6.815417289733887,6.58634090423584,5.501341819763184,7.0466413497924805,5.686455249786377,7.085178852081299,6.877946853637695,6.515946865081787,7.282757759094238,7.236037254333496,6.8259735107421875,4.7994465827941895,6.42024564743042
2018-06-23 10:00:00,6.845555305480957,7.244582176208496,6.452052593231201,6.705060005187988,6.954678535461426,6.7744140625,7.544768333435059,7.221172332763672,6.975384712219238,6.411468029022217,7.039834499359131,6.651234149932861,6.450273513793945,7.311062812805176,6.675106048583984,7.228118896484375,7.11792516708374,6.822247505187988,6.694915771484375,6.647266864776611,6.5788726806640625,6.565544605255127,6.882332801818848,5.9895548820495605,7.46498441696167,6.870171546936035,6.796905040740967,6.7648420333862305,7.70648193359375,6.732443332672119,6.46907901763916,7.618537902832031,6.515192031860352,6.954778671264648,6.528104782104492,7.522817611694336,6.5287909507751465,6.749513149261475,6.640321254730225,5.373685359954834,7.231193542480469,6.129659652709961,7.266891002655029,6.961560249328613,6.50399923324585,7.618886947631836,7.393678665161133,6.951845169067383,3.5505008697509766,6.665939807891846
2018-06-23 11:00:00,7.012269973754883,7.362250804901123,6.6438679695129395,6.961986541748047,7.209346771240234,6.583904266357422,7.906769752502441,7.550004005432129,7.185009956359863,6.559784889221191,7.234280586242676,6.763735771179199,6.604490756988525,7.451593399047852,6.75338077545166,7.3931989669799805,7.431501388549805,6.761333465576172,6.941791534423828,6.658839702606201,6.8716535568237305,6.548312187194824,6.987499237060547,6.0869317054748535,7.742642402648926,7.05612325668335,6.964358329772949,6.703474998474121,7.914323806762695,6.897518634796143,6.45670747756958,7.8080034255981445,6.605566501617432,7.094492435455322,6.567901611328125,7.6640849113464355,6.808187484741211,7.1021528244018555,6.658055782318115,5.361322402954102,7.363404750823975,6.54538106918335,7.7661027908325195,7.004090309143066,6.699162483215332,7.890562057495117,7.56931209564209,7.627245903015137,4.619391918182373,6.877123832702637
2018-06-23 12:00:00,7.131234645843506,7.467763900756836,6.77327823638916,7.054793357849121,7.36551570892334,6.752411365509033,8.187865257263184,7.508852958679199,7.439131736755371,6.66947603225708,7.4505510330200195,6.964900970458984,6.751935005187988,7.55155611038208,6.701557636260986,7.390984535217285,7.572081565856934,6.775947093963623,7.219644069671631,6.630851745605469,6.93385124206543,6.719593048095703,7.162333011627197,6.130946159362793,8.022154808044434,7.000884056091309,6.923439025878906,7.135433673858643,7.909055709838867,6.862205505371094,6.431824684143066,7.892620086669922,6.52969217300415,7.135503768920898,6.672521591186523,7.988960266113281,6.835190773010254,7.053430557250977,6.546328067779541,5.438207149505615,7.499805450439453,7.198901176452637,7.746242046356201,7.153926849365234,6.944644451141357,8.071755409240723,7.686854362487793,8.006280899047852,4.827561855316162,7.216804504394531
2018-06-23 13:00:00,7.336912155151367,7.7880024909973145,7.003233432769775,7.200099945068359,7.558967590332031,6.975689888000488,8.44446086883545,7.646895885467529,7.5479888916015625,6.669974327087402,7.5978851318359375,7.218310356140137,6.946953773498535,7.705366134643555,6.893229961395264,7.542146682739258,7.619358062744141,6.918301582336426,7.438847541809082,6.669353008270264,7.382298469543457,7.083402633666992,7.339959144592285,6.356085777282715,8.33862018585205,7.069968223571777,7.008188247680664,7.598123550415039,8.007621765136719,7.09999942779541,6.780760288238525,7.914536476135254,6.552093029022217,7.377253532409668,6.819513320922852,8.21621036529541,7.149490833282471,7.309085845947266,6.5401611328125,5.38720703125,7.7941436767578125,7.040633201599121,7.9587860107421875,7.425758361816406,6.861781120300293,8.193878173828125,8.05265998840332,8.247675895690918,5.639486789703369,7.587928295135498
2018-06-23 14:00:00,7.61568546295166,8.076767921447754,7.284407615661621,7.369961738586426,7.680076599121094,7.130831241607666,8.793760299682617,7.804834365844727,7.656254768371582,6.774242401123047,7.994683265686035,7.440695762634277,7.232293128967285,8.028242111206055,6.93202018737793,7.809426307678223,7.848707675933838,7.297618865966797,7.546393871307373,6.7688493728637695,7.7301836013793945,7.229536533355713,7.4896039962768555,6.375657558441162,8.663331031799316,7.122597694396973,7.098883628845215,8.079195022583008,8.11330795288086,7.225818634033203,6.915863037109375,7.948280334472656,6.705498695373535,7.6624555587768555,6.736293792724609,8.591960906982422,7.5371198654174805,7.564798355102539,6.584385395050049,5.561002731323242,7.6979660987854,7.178137302398682,8.282269477844238,7.523313522338867,6.8274760246276855,8.477740287780762,8.282214164733887,8.188433647155762,5.115253448486328,7.821712017059326
2018-06-23 15:00:00,7.870147705078125,8.14002513885498,7.363945960998535,7.321067810058594,7.985651016235352,7.15571403503418,8.909502983093262,8.087862014770508,7.824382305145264,6.832479000091553,8.228780746459961,7.447772979736328,7.3284759521484375,8.19675350189209,7.07121467590332,8.10899543762207,7.743463516235352,7.555866718292236,7.622285842895508,6.788084030151367,7.859797954559326,7.532646179199219,7.510797023773193,6.313185691833496,8.874042510986328,7.2599029541015625,7.015412330627441,8.241214752197266,8.273859977722168,7.530143737792969,7.1195268630981445,7.947845935821533,6.68263053894043,7.8293986320495605,7.001642227172852,8.997385025024414,7.647763252258301,7.68406867980957,6.584369659423828,5.43211030960083,7.868008613586426,7.506900787353516,8.137552261352539,7.5767364501953125,6.712660789489746,8.5070161819458,8.297883987426758,8.387279510498047,5.75614595413208,7.967589378356934
2018-06-23 16:00:00,7.529653072357178,7.777541160583496,7.322105407714844,7.224998474121094,8.065465927124023,7.061734199523926,8.92695426940918,8.183282852172852,7.38722038269043,6.743948936462402,7.97642707824707,7.094980239868164,7.271765232086182,8.044891357421875,6.713852882385254,7.772871017456055,7.5145721435546875,7.457921981811523,7.412169456481934,6.817704677581787,7.187829971313477,7.198798179626465,7.501214981079102,6.29187536239624,8.438802719116211,7.284551620483398,7.088472366333008,8.06297492980957,8.487706184387207,7.500845909118652,7.131549835205078,7.707131385803223,6.339048385620117,7.694051265716553,7.111100196838379,8.879308700561523,7.3090596199035645,7.714617729187012,6.7263641357421875,5.1779255867004395,7.995546340942383,8.188636779785156,7.208948135375977,7.715836524963379,6.5749030113220215,8.511625289916992,7.87302303314209,8.26753044128418,5.57659912109375,7.877642631530762
2018-06-23 17:00:00,7.551157474517822,7.638036727905273,7.330678939819336,7.155429840087891,7.909417152404785,6.936516284942627,8.695916175842285,8.141972541809082,7.312135696411133,6.733437538146973,7.915741443634033,6.889512538909912,7.269655227661133,7.961089134216309,6.759027481079102,7.839890480041504,7.370779514312744,7.447726726531982,7.336984634399414,6.725395679473877,7.2321858406066895,7.129988193511963,7.462853908538818,6.036849498748779,8.32406234741211,7.189756393432617,6.991237640380859,7.854989528656006,8.407034873962402,7.62862491607666,6.861245155334473,7.6473283767700195,6.12346076965332,7.678260803222656,7.19816780090332,8.723060607910156,7.189579486846924,7.617962837219238,6.698281288146973,5.039039611816406,7.928160667419434,8.671152114868164,6.973923683166504,7.62803316116333,6.297578811645508,8.476033210754395,7.6680450439453125,7.88576078414917,5.5271501541137695,7.642683982849121
2018-06-23 18:00:00,7.540709972381592,7.565097808837891,7.334473609924316,7.173219680786133,7.797185897827148,7.0370941162109375,8.689324378967285,7.865049362182617,7.270174980163574,6.689833641052246,7.707728385925293,6.822188377380371,7.246421813964844,8.069104194641113,6.7508955001831055,7.747186183929443,7.348492622375488,7.368010520935059,7.315740585327148,6.719865798950195,7.2834296226501465,7.264215469360352,7.486822128295898,5.687802314758301,8.293423652648926,7.078976631164551,6.796021461486816,7.776307106018066,8.532504081726074,7.967548370361328,6.763996124267578,7.656761646270752,6.07033634185791,7.593231678009033,7.1008710861206055,8.745532989501953,7.21293306350708,7.54868221282959,6.715872764587402,5.1318559646606445,7.584738731384277,8.753049850463867,6.962017059326172,7.659807205200195,6.428930282592773,8.133111953735352,7.546194076538086,7.624849796295166,5.573610782623291,7.574494361877441
2018-06-23 19:00:00,7.405681610107422,7.26963996887207,7.2914228439331055,7.117358207702637,7.620309352874756,6.917387962341309,8.607291221618652,7.78427267074585,7.210143089294434,6.648549556732178,7.522345066070557,6.658649444580078,7.199854850769043,7.859989166259766,6.74003791809082,7.613089561462402,7.189263343811035,7.161219596862793,7.2442779541015625,6.665992259979248,7.085455894470215,6.979740142822266,7.376180171966553,5.505410671234131,8.150589942932129,6.881518363952637,6.385076999664307,7.6124773025512695,8.514780044555664,8.07391357421875,6.560647487640381,7.603874206542969,6.032951354980469,7.356220722198486,6.90838623046875,8.813112258911133,7.07869815826416,7.283130645751953,6.752337455749512,5.109923839569092,7.570705413818359,8.704670906066895,6.624937057495117,7.353496551513672,6.374588966369629,7.746949195861816,7.356644630432129,7.409228324890137,5.398939609527588,7.338579177856445
2018-06-23 20:00:00,7.152525901794434,7.163250923156738,7.18536376953125,7.1144609451293945,7.582432270050049,6.842832565307617,8.600789070129395,7.423088073730469,7.106805324554443,6.4490532875061035,7.2876129150390625,6.429736614227295,7.114175796508789,7.538615703582764,6.672208309173584,7.493589401245117,7.028824806213379,7.025751113891602,7.113325119018555,6.587890625,6.845181465148926,6.673223972320557,7.2722015380859375,5.37083625793457,7.8823041915893555,6.708428382873535,6.260979652404785,7.489952087402344,8.549266815185547,7.69442081451416,6.333386421203613,7.501856803894043,5.850419044494629,7.180265426635742,6.923040390014648,8.758807182312012,6.778500556945801,7.080351829528809,6.637942790985107,5.088189601898193,7.795849800109863,8.80227279663086,6.2984466552734375,6.766767978668213,6.068639278411865,7.226942539215088,7.214940071105957,6.898691654205322,5.268004417419434,7.210224628448486
2018-06-23 21:00:00,7.024698734283447,7.1130781173706055,7.13193941116333,7.163634300231934,7.351859092712402,6.816532135009766,8.687854766845703,7.059382915496826,7.145221710205078,6.367916107177734,7.204957485198975,6.4409027099609375,7.157402038574219,7.34831428527832,6.409296035766602,7.406135559082031,6.864304542541504,6.878124713897705,7.159127712249756,6.658820629119873,6.735074520111084,6.427822113037109,7.156417369842529,5.535488128662109,7.678267478942871,6.683895111083984,6.126650333404541,7.220118522644043,8.562835693359375,7.886146545410156,6.098487377166748,7.376148223876953,6.076944828033447,7.024977207183838,6.9466552734375,8.739399909973145,6.530572891235352,6.787287712097168,6.527156352996826,5.1298508644104,7.8587236404418945,8.95236587524414,6.23831033706665,6.573319435119629,5.77558708190918,6.847599983215332,7.007216453552246,6.9169440269470215,4.827071189880371,7.040815830230713
2018-06-23 22:00:00,6.893715858459473,7.118438720703125,7.153135299682617,7.151728630065918,7.251426696777344,6.818608283996582,8.531984329223633,6.841848373413086,7.12288761138916,6.260344982147217,7.050670623779297,6.42486572265625,7.14093017578125,7.358671188354492,6.4572858810424805,7.146223068237305,6.7451581954956055,6.997014045715332,7.157864093780518,6.636070728302002,6.717395782470703,6.265170574188232,7.0922064781188965,5.653560161590576,7.608680725097656,6.742691993713379,6.217108726501465,7.151370048522949,8.550694465637207,7.918647766113281,6.175145626068115,7.257848262786865,6.186991214752197,6.976004600524902,7.006183624267578,8.739846229553223,6.58939266204834,6.826311111450195,6.583793640136719,5.1241536140441895,7.630861282348633,8.678504943847656,6.300302982330322,6.5450334548950195,6.111135482788086,6.973291397094727,6.974071502685547,6.96983528137207,4.552068710327148,6.923800468444824
2018-06-23 23:00:00,6.676698684692383,7.090105056762695,7.169904708862305,7.176182270050049,7.124819755554199,6.736452102661133,8.402036666870117,6.960683822631836,7.119412422180176,6.176670074462891,6.919266700744629,6.422723293304443,7.15982723236084,7.243106842041016,6.466856002807617,7.175440788269043,6.767861366271973,7.112641334533691,7.1442551612854,6.680977821350098,6.660219669342041,6.15625524520874,6.950343132019043,5.612021446228027,7.566262245178223,6.745791435241699,6.0928754806518555,7.216954231262207,8.572454452514648,7.804218292236328,6.2391133308410645,7.241006851196289,6.239529609680176,6.941561698913574,7.0706000328063965,8.799419403076172,6.539438247680664,6.780574321746826,6.604903221130371,5.230311870574951,7.592019081115723,8.770119667053223,6.23757791519165,6.505366325378418,6.102437973022461,7.192705154418945,6.931107521057129,6.896981239318848,4.5203537940979,6.917522430419922
2018-06-24 00:00:00,6.530940055847168,6.808972358703613,7.170431137084961,7.149685382843018,6.934468746185303,6.796328544616699,8.260929107666016,6.9398908615112305,7.1299920082092285,6.148637294769287,6.94492244720459,6.444733142852783,7.162450790405273,7.167830467224121,6.513787269592285,7.196313381195068,6.743594169616699,7.13752555847168,7.143223285675049,6.580296993255615,6.523057460784912,6.088176250457764,6.986920356750488,5.582342624664307,7.423421859741211,6.767420768737793,6.030101776123047,7.163568496704102,8.592262268066406,7.6000165939331055,6.13818359375,7.075303077697754,6.358753204345703,6.968168258666992,6.922087669372559,8.597222328186035,6.49808406829834,6.670984745025635,6.500173568725586,5.2639570236206055,7.566812992095947,8.65312671661377,6.26539421081543,6.555322170257568,6.188206672668457,7.112886428833008,6.98381233215332,6.87393856048584,4.595184326171875,6.958650588989258
2018-06-24 01:00:00,6.42149543762207,6.574830532073975,7.157968521118164,7.153504848480225,6.693918228149414,6.692915916442871,8.046452522277832,6.852006912231445,7.110587120056152,6.109302520751953,6.946442604064941,6.4284987449646,7.156567573547363,7.120184898376465,6.493747711181641,7.0730180740356445,6.817031383514404,7.186245918273926,7.153827667236328,6.564896106719971,6.453261375427246,5.91879940032959,6.949511528015137,5.492311477661133,7.290672302246094,6.583072662353516,5.809786796569824,6.979108810424805,8.474122047424316,7.720988750457764,6.190949440002441,6.877614498138428,6.464506149291992,6.973531723022461,6.97496223449707,8.57530403137207,6.503024578094482,6.621342658996582,6.444816589355469,5.3394646644592285,7.439866542816162,8.537055969238281,6.257226943969727,6.656681060791016,6.449061393737793,6.93655252456665,6.9592695236206055,7.025852680206299,4.719371795654297,6.958704948425293
2018-06-24 02:00:00,6.546107292175293,6.498775959014893,7.1859235763549805,7.174529075622559,6.730527877807617,6.780688285827637,7.894471168518066,6.773660659790039,7.160123825073242,5.998019218444824,6.964430809020996,6.458990573883057,7.183669090270996,7.239496231079102,6.481749057769775,7.023420333862305,6.658952713012695,7.217401027679443,7.187852382659912,6.6021647453308105,6.5178422927856445,5.769016265869141,7.03212833404541,5.824469566345215,7.243495941162109,6.559049129486084,5.9300360679626465,6.931130886077881,8.452327728271484,7.694284915924072,6.207808971405029,6.7912702560424805,6.438113212585449,6.996958255767822,6.956794261932373,8.503207206726074,6.578552722930908,6.593637466430664,6.434165954589844,5.315837860107422,7.460794448852539,8.389989852905273,6.187192440032959,6.680039405822754,6.399052619934082,7.0959625244140625,6.991667747497559,6.823659896850586,4.839766502380371,7.013611793518066
2018-06-24 03:00:00,6.652848243713379,6.525547027587891,7.231808662414551,7.205799102783203,6.606261730194092,6.66223669052124,7.900818347930908,6.705977439880371,7.182939052581787,5.892481803894043,6.99790096282959,6.512274742126465,7.216833114624023,7.295222282409668,6.550850868225098,7.125051975250244,6.638526916503906,7.1395263671875,7.209623336791992,6.588652610778809,6.460646152496338,5.907016754150391,6.993879795074463,6.016485691070557,7.082282066345215,6.548757553100586,5.970541000366211,6.913538455963135,8.070630073547363,7.531528472900391,6.225476264953613,6.875927925109863,6.517078876495361,6.927397727966309,6.977584362030029,8.259696960449219,6.547327995300293,6.510909557342529,6.4506611824035645,5.391655921936035,7.452705383300781,8.371400833129883,6.105316638946533,6.688426494598389,6.431656360626221,7.368072986602783,7.060027122497559,7.142806529998779,4.952972412109375,7.046023845672607
2018-06-24 04:00:00,6.627682209014893,6.458624839782715,7.223240375518799,7.148991584777832,6.621896266937256,6.677572250366211,7.732160568237305,6.619795322418213,7.13022518157959,5.865374565124512,7.022336006164551,6.546596050262451,7.208445072174072,7.353954315185547,6.550219535827637,7.181008338928223,6.587611198425293,7.165332794189453,7.178905487060547,6.620382785797119,6.651913642883301,5.989666938781738,6.926311492919922,5.942773818969727,7.001919746398926,6.59237813949585,6.037622928619385,6.815290451049805,8.088504791259766,7.3935770988464355,6.128436088562012,6.982619762420654,6.425083637237549,6.920466423034668,7.074324131011963,8.18051815032959,6.5418596267700195,6.477339267730713,6.361518383026123,5.421158313751221,7.366028308868408,8.606122970581055,5.907486915588379,6.611566543579102,6.574135780334473,7.60825252532959,7.094905853271484,7.380124568939209,4.985664367675781,7.083950042724609
2018-06-24 05:00:00,6.618656635284424,6.411434173583984,7.234472274780273,7.227334499359131,6.550950527191162,6.570415496826172,7.766229152679443,6.514557361602783,7.184234142303467,5.933106422424316,7.028244972229004,6.612983703613281,7.237892150878906,7.394649505615234,6.521186351776123,7.248772621154785,6.505980491638184,7.238364219665527,7.208658218383789,6.672693252563477,6.530965805053711,5.907790660858154,7.061453819274902,5.907899379730225,7.056459903717041,6.711260795593262,5.986371040344238,6.596299171447754,8.02806568145752,7.443899631500244,6.254563331604004,7.096458435058594,6.385125160217285,6.90332555770874,6.969598770141602,7.986656665802002,6.499567031860352,6.368228912353516,6.382189750671387,5.579685688018799,7.502279281616211,8.559720993041992,6.226284027099609,6.517740726470947,6.392223358154297,7.687471389770508,7.058375358581543,7.141115665435791,4.9102864265441895,7.007388114929199
2018-06-24 06:00:00,6.745755195617676,6.605338096618652,7.3161468505859375,7.2680463790893555,6.824373722076416,6.854180812835693,7.867212295532227,6.516698360443115,7.263705730438232,6.072729110717773,7.127627372741699,6.661101341247559,7.306668281555176,7.622640609741211,6.678093910217285,7.416171073913574,6.648772716522217,7.29250431060791,7.28082275390625,6.696357727050781,6.586552143096924,5.9708428382873535,7.1181135177612305,6.102350234985352,7.203137397766113,6.959538459777832,6.09989595413208,6.635632038116455,7.982029914855957,7.71260929107666,6.085309982299805,7.265575408935547,6.454075813293457,7.0663065910339355,7.139082431793213,7.900092124938965,6.841671466827393,6.43808650970459,6.440540313720703,5.587708473205566,7.62588357925415,8.818970680236816,6.318217754364014,6.808804035186768,6.54749870300293,7.5989670753479,7.213000297546387,7.52473258972168,5.142316818237305,7.066518783569336
2018-06-24 07:00:00,6.924864292144775,6.714328765869141,7.517362594604492,7.441216468811035,6.840709209442139,6.868280410766602,7.956104278564453,6.726039409637451,7.461700439453125,6.246318340301514,7.361544609069824,6.772733688354492,7.446907997131348,7.940380096435547,6.710916042327881,7.47771692276001,6.837245941162109,7.443639755249023,7.4664812088012695,6.82436990737915,6.848099708557129,6.113961219787598,7.349167823791504,6.234679698944092,7.482497215270996,7.156440258026123,6.2218337059021,6.88381814956665,8.131230354309082,7.898842811584473,6.070420742034912,7.599377632141113,6.459733963012695,7.107419490814209,7.303156852722168,7.831323623657227,7.008842468261719,6.746187210083008,6.470640659332275,5.666193962097168,7.505943298339844,8.60128116607666,6.734167098999023,6.627613544464111,6.975615501403809,7.61280632019043,7.546645164489746,7.927111625671387,5.521320343017578,7.198513984680176
2018-06-24 08:00:00,7.127148628234863,6.95603084564209,7.6940155029296875,7.425342082977295,7.033113479614258,7.033296585083008,8.363297462463379,6.825650215148926,7.710022926330566,6.374113082885742,7.485835075378418,6.912343502044678,7.5241289138793945,7.994219779968262,6.8629069328308105,7.7222208976745605,7.037817001342773,7.455146789550781,7.683300018310547,6.971655368804932,6.911518096923828,6.272519111633301,7.5405731201171875,6.259125709533691,7.709719181060791,7.384002208709717,6.408846378326416,7.054218292236328,8.150345802307129,7.977078437805176,6.255330562591553,7.956119537353516,6.356199264526367,7.285138130187988,7.374936103820801,7.654337406158447,7.140372276306152,7.122241973876953,6.508957386016846,5.633110523223877,7.8072638511657715,8.416112899780273,7.123044013977051,6.887547492980957,7.1766133308410645,7.685632705688477,7.804295539855957,8.027275085449219,6.054512023925781,7.476930618286133
2018-06-24 09:00:00,7.3958587646484375,7.214498996734619,7.916611194610596,7.540035247802734,7.202983379364014,7.1859283447265625,8.685218811035156,7.0771379470825195,7.950888633728027,6.507312774658203,7.679816246032715,7.167499542236328,7.671109676361084,8.175362586975098,6.9167304039001465,7.795317649841309,7.378225326538086,7.603514671325684,7.909360885620117,7.16009521484375,7.138236045837402,6.468734264373779,7.678285598754883,6.384294509887695,7.905582427978516,7.520404815673828,6.6078972816467285,7.10190486907959,8.384199142456055,8.005855560302734,6.431991100311279,8.145772933959961,6.3182244300842285,7.283693790435791,7.332250118255615,7.657880783081055,7.347064971923828,7.359870910644531,6.694782257080078,5.739041328430176,7.735304832458496,8.445384979248047,7.443682670593262,7.157672882080078,7.454337120056152,7.814565658569336,8.138145446777344,8.205142974853516,5.57813024520874,7.771343231201172
2018-06-24 10:00:00,7.583718776702881,7.496808052062988,7.973523139953613,7.7473602294921875,7.451716423034668,7.474167823791504,9.275253295898438,7.318127632141113,8.28219985961914,6.702056884765625,7.957340240478516,7.420097351074219,7.880147457122803,8.402565002441406,7.1900482177734375,8.017097473144531,7.747176170349121,7.8589019775390625,8.066651344299316,7.3845624923706055,7.380394458770752,6.697150230407715,7.944089889526367,6.409229755401611,8.099605560302734,7.730266571044922,6.964163780212402,7.247821807861328,8.809131622314453,8.248418807983398,6.309535980224609,8.318580627441406,6.540850639343262,7.4725446701049805,7.4501752853393555,7.602704048156738,7.629460334777832,7.666827201843262,6.884039402008057,5.683042049407959,7.471063613891602,8.453914642333984,7.9935503005981445,7.486871242523193,7.906867980957031,7.884955406188965,8.363458633422852,8.781035423278809,6.299811840057373,8.162010192871094
2018-06-24 11:00:00,7.574414253234863,7.647491455078125,8.22088623046875,7.936504364013672,7.560626029968262,7.5651445388793945,9.556870460510254,7.77368688583374,8.441015243530273,6.906669616699219,8.35639762878418,7.549695014953613,7.979379653930664,8.655043601989746,7.342569828033447,8.026769638061523,8.017645835876465,7.8936543464660645,8.216053009033203,7.570746421813965,7.612760543823242,7.00267219543457,7.931032180786133,6.747290134429932,8.418404579162598,7.898767471313477,7.351931571960449,7.585442066192627,9.010920524597168,8.370529174804688,6.379110336303711,8.759575843811035,6.590785503387451,7.678095817565918,7.448918342590332,7.721759796142578,7.947524070739746,7.75765323638916,7.008021831512451,5.803293228149414,7.537627220153809,7.937989234924316,8.398082733154297,7.872898101806641,8.053205490112305,7.6673197746276855,8.668108940124512,9.11844539642334,7.28077507019043,8.432727813720703
2018-06-24 12:00:00,7.7696733474731445,7.982579231262207,8.427071571350098,8.066864967346191,8.006743431091309,7.71690559387207,9.983275413513184,7.9891462326049805,8.607927322387695,7.25869083404541,8.82005500793457,7.798241138458252,8.251974105834961,9.088292121887207,7.672078609466553,8.391719818115234,8.29404067993164,7.9986891746521,8.393924713134766,7.699483871459961,8.017749786376953,7.255504131317139,8.007177352905273,6.801435470581055,8.812252044677734,8.105514526367188,7.507997989654541,7.6625189781188965,9.215709686279297,8.786134719848633,6.514670372009277,9.119261741638184,6.6592698097229,8.034507751464844,7.498760223388672,7.890668869018555,7.9568891525268555,8.03304672241211,7.291481018066406,6.119553565979004,7.595977783203125,8.362921714782715,8.639969825744629,8.184685707092285,8.51155948638916,7.752752304077148,9.033319473266602,9.583816528320312,7.959263801574707,8.815779685974121
2018-06-24 13:00:00,8.075613021850586,8.358259201049805,8.598612785339355,8.287908554077148,8.32896614074707,7.9111127853393555,10.204726219177246,8.319158554077148,8.845479965209961,7.641430854797363,9.108455657958984,8.061660766601562,8.474675178527832,9.39210319519043,7.996370315551758,8.648877143859863,8.441652297973633,8.222760200500488,8.611390113830566,7.953351020812988,8.299922943115234,7.525219917297363,8.198827743530273,6.914011001586914,9.172025680541992,8.237199783325195,7.618190765380859,7.892396926879883,9.486492156982422,9.02151870727539,7.0771684646606445,9.420151710510254,6.772469520568848,8.375266075134277,7.654010772705078,7.9098005294799805,8.21331787109375,8.184795379638672,7.61468505859375,6.183173656463623,7.5888166427612305,8.741842269897461,9.178723335266113,8.407098770141602,8.801973342895508,7.994643211364746,9.316429138183594,10.107878684997559,8.070772171020508,9.200072288513184
2018-06-24 14:00:00,8.345124244689941,8.79033374786377,8.962882995605469,8.589868545532227,8.832328796386719,8.111766815185547,10.580769538879395,8.80738353729248,9.023923873901367,8.067117691040039,9.525457382202148,8.363554000854492,8.648961067199707,9.86008071899414,8.359310150146484,8.970447540283203,8.728132247924805,8.423081398010254,8.95425796508789,8.216176986694336,8.55983829498291,7.74246072769165,8.364662170410156,7.329071998596191,9.718040466308594,8.58377456665039,7.827744007110596,7.965421199798584,9.81375789642334,9.215211868286133,7.119426727294922,9.890535354614258,6.8993659019470215,8.805587768554688,7.99956750869751,7.917901039123535,8.548133850097656,8.439423561096191,7.96600341796875,6.387829780578613,7.580765724182129,8.70674991607666,10.082122802734375,8.83971881866455,9.476034164428711,8.305355072021484,9.846712112426758,10.75489330291748,8.026874542236328,9.618646621704102
2018-06-24 15:00:00,8.581830978393555,9.147607803344727,9.051669120788574,9.036365509033203,9.204289436340332,8.318836212158203,10.840434074401855,8.98050594329834,9.08039665222168,8.280939102172852,9.882793426513672,8.67416763305664,8.897662162780762,10.093844413757324,8.722824096679688,9.010786056518555,9.105164527893066,8.533475875854492,9.03621768951416,8.362541198730469,9.013615608215332,8.044045448303223,8.535100936889648,7.468719482421875,10.077850341796875,8.97259521484375,7.851545333862305,8.419782638549805,10.168700218200684,9.555182456970215,7.336156845092773,10.159585952758789,7.239317893981934,9.01634407043457,8.207523345947266,8.160301208496094,8.865815162658691,8.487539291381836,8.253195762634277,6.401799201965332,7.869132041931152,9.156035423278809,10.43494987487793,8.844237327575684,9.551097869873047,8.919763565063477,10.264851570129395,11.131059646606445,8.531648635864258,10.00178337097168
2018-06-24 16:00:00,8.732151985168457,9.393980026245117,9.019777297973633,9.087292671203613,9.448272705078125,8.486137390136719,11.062765121459961,8.78322982788086,9.21311092376709,8.401718139648438,9.969311714172363,8.863429069519043,8.974405288696289,10.2778902053833,8.927103996276855,8.795156478881836,9.19117546081543,8.737587928771973,9.043366432189941,8.54443645477295,9.26375961303711,8.099913597106934,8.61591911315918,7.418790817260742,10.374686241149902,8.966572761535645,7.872560501098633,8.343955039978027,10.190559387207031,9.786344528198242,7.229971885681152,10.230698585510254,7.3901777267456055,9.049099922180176,8.28608226776123,8.532628059387207,8.913568496704102,8.419511795043945,8.490423202514648,6.436516761779785,7.716012001037598,9.45573616027832,10.727607727050781,9.08980655670166,9.844145774841309,8.778121948242188,10.524275779724121,11.308478355407715,8.619668006896973,10.310872077941895
2018-06-24 17:00:00,8.883051872253418,9.409956932067871,8.954692840576172,9.252219200134277,9.479877471923828,8.530805587768555,11.174357414245605,9.035008430480957,9.198136329650879,8.483738899230957,9.862723350524902,8.915325164794922,8.905792236328125,10.185689926147461,8.82335376739502,8.595268249511719,9.275846481323242,8.880615234375,9.040838241577148,8.687167167663574,9.513668060302734,8.252215385437012,8.73453140258789,7.3508405685424805,10.434687614440918,8.927513122558594,7.853395462036133,8.35169792175293,10.074341773986816,9.856125831604004,6.977016448974609,10.11229419708252,7.458374500274658,9.012136459350586,8.275343894958496,8.865558624267578,8.867400169372559,8.419565200805664,8.591876029968262,6.540951251983643,7.7876434326171875,9.547146797180176,10.876185417175293,9.176627159118652,10.000762939453125,8.918754577636719,10.630049705505371,11.467124938964844,9.371630668640137,10.362228393554688
2018-06-24 18:00:00,8.947793960571289,9.347851753234863,8.900774955749512,9.2312593460083,9.434353828430176,8.621570587158203,10.971565246582031,8.847994804382324,9.183894157409668,8.481481552124023,9.849894523620605,8.876238822937012,8.90313720703125,10.047162055969238,8.789606094360352,8.69212818145752,9.217718124389648,8.870833396911621,9.013803482055664,8.68673324584961,9.729365348815918,8.44864273071289,8.84099006652832,7.283268451690674,10.526801109313965,8.920577049255371,7.730749130249023,8.368815422058105,10.028874397277832,9.882136344909668,6.843804359436035,10.028194427490234,7.485604763031006,8.976822853088379,8.175758361816406,9.135483741760254,8.764230728149414,8.288749694824219,8.632668495178223,6.670332431793213,8.267276763916016,9.506593704223633,10.831307411193848,9.268773078918457,10.09832763671875,9.105457305908203,10.600373268127441,11.132205963134766,9.488422393798828,10.347305297851562
2018-06-24 19:00:00,8.785317420959473,9.42624568939209,8.871748924255371,9.15919303894043,9.270793914794922,8.652631759643555,10.847158432006836,8.821897506713867,9.169690132141113,8.413148880004883,9.781637191772461,8.826703071594238,8.869634628295898,9.968857765197754,8.794538497924805,8.368781089782715,9.144563674926758,8.840727806091309,8.97418212890625,8.758411407470703,9.604972839355469,8.315086364746094,8.764434814453125,7.337772369384766,10.463031768798828,8.812758445739746,7.748710632324219,8.174646377563477,9.981338500976562,9.910327911376953,6.992969036102295,9.983248710632324,7.460649490356445,8.914247512817383,8.042020797729492,9.31386661529541,8.742936134338379,8.132002830505371,8.631471633911133,6.607036590576172,8.126215934753418,9.450112342834473,10.660421371459961,9.121101379394531,10.086566925048828,8.59599781036377,10.545825004577637,10.820847511291504,9.073376655578613,10.299737930297852
2018-06-24 20:00:00,8.680052757263184,9.178144454956055,8.656291007995605,9.101306915283203,8.897168159484863,8.631210327148438,10.774986267089844,8.594215393066406,9.094316482543945,8.18978500366211,9.668060302734375,8.696130752563477,8.749208450317383,9.756577491760254,8.72418212890625,8.139730453491211,8.804550170898438,8.575277328491211,8.817910194396973,8.625411987304688,9.48123550415039,8.106449127197266,8.622451782226562,7.519218444824219,10.36683177947998,8.817479133605957,7.756267070770264,8.019800186157227,9.586602210998535,9.767059326171875,6.6897501945495605,9.722565650939941,7.460925102233887,8.65742301940918,7.679323196411133,9.487103462219238,8.600845336914062,7.664921760559082,8.579505920410156,6.589875221252441,7.860720634460449,8.756574630737305,9.976117134094238,8.900211334228516,9.964076042175293,8.463910102844238,10.366263389587402,10.65892219543457,8.775764465332031,10.097942352294922
2018-06-24 21:00:00,8.55408000946045,8.922786712646484,8.569062232971191,8.893729209899902,8.345281600952148,8.461790084838867,10.470694541931152,8.418975830078125,9.029330253601074,7.98980712890625,9.52666187286377,8.569295883178711,8.611562728881836,9.535414695739746,8.645054817199707,7.676033020019531,8.521081924438477,8.162149429321289,8.760780334472656,8.536094665527344,9.27706241607666,7.875673294067383,8.504215240478516,7.2967939376831055,10.098249435424805,8.756840705871582,7.574982643127441,7.83537483215332,9.429326057434082,9.543046951293945,6.840631484985352,9.472718238830566,7.300888538360596,8.445365905761719,7.442861080169678,9.376493453979492,8.479866027832031,7.43699836730957,8.501486778259277,6.615703105926514,7.696257591247559,8.229557991027832,9.280413627624512,8.615907669067383,9.779199600219727,8.013410568237305,10.093544960021973,10.413111686706543,8.58108139038086,9.95681381225586
2018-06-24 22:00:00,8.493486404418945,8.763936996459961,8.545799255371094,8.748388290405273,8.079689025878906,8.354207992553711,10.339754104614258,8.366194725036621,8.848779678344727,7.974464416503906,9.473919868469238,8.55652141571045,8.606790542602539,9.469618797302246,8.555879592895508,7.640077114105225,8.4603910446167,8.136541366577148,8.767114639282227,8.467158317565918,9.208773612976074,7.7658185958862305,8.280526161193848,7.319627285003662,9.964788436889648,8.743942260742188,7.284337043762207,7.733880043029785,9.481880187988281,9.65198802947998,7.023893356323242,9.35883617401123,7.30381965637207,8.344386100769043,7.288434028625488,9.28068733215332,8.280848503112793,7.207757949829102,8.389897346496582,6.536126613616943,7.779757499694824,8.17581558227539,8.801183700561523,8.489949226379395,9.831991195678711,7.963911056518555,10.033661842346191,10.586176872253418,8.653162956237793,9.80738639831543
2018-06-24 23:00:00,8.208047866821289,8.582841873168945,8.443007469177246,8.675911903381348,7.627619743347168,8.227598190307617,9.983662605285645,8.044498443603516,8.763946533203125,7.908605575561523,9.394311904907227,8.558488845825195,8.517521858215332,9.395764350891113,8.40095043182373,7.288802146911621,8.30703353881836,7.877144813537598,8.797764778137207,8.14042854309082,9.229974746704102,7.592124938964844,8.14482307434082,7.33626651763916,9.764158248901367,8.64853286743164,7.2703094482421875,7.6561970710754395,9.612406730651855,9.719046592712402,7.153413772583008,9.435042381286621,7.385645866394043,8.276620864868164,7.217218399047852,9.118795394897461,8.337313652038574,7.066549301147461,8.200942039489746,6.356987953186035,7.559011459350586,8.286693572998047,8.779133796691895,8.32993221282959,9.892973899841309,7.9222564697265625,10.032973289489746,10.645140647888184,8.451484680175781,9.837203025817871
2018-06-25 00:00:00,7.959615707397461,8.484085083007812,8.258586883544922,8.480693817138672,7.317978858947754,7.904618263244629,9.676202774047852,7.8249664306640625,8.721814155578613,7.692251205444336,9.262344360351562,8.52554702758789,8.427780151367188,9.33828067779541,8.112239837646484,6.748421669006348,8.192740440368652,7.52085018157959,8.73807430267334,7.7988996505737305,9.195631980895996,7.385114669799805,7.953996658325195,7.423408031463623,9.460956573486328,8.613359451293945,7.299423694610596,7.608513832092285,9.575124740600586,9.295889854431152,7.297833442687988,9.283817291259766,7.488330841064453,8.062361717224121,7.102153301239014,8.964268684387207,8.314923286437988,6.926774978637695,7.997458457946777,6.184719085693359,7.410670280456543,8.169139862060547,8.506877899169922,8.261025428771973,9.85153579711914,7.750746726989746,9.927803993225098,10.289140701293945,8.414374351501465,9.714017868041992
2018-06-25 01:00:00,8.076845169067383,8.336700439453125,8.198500633239746,8.407999038696289,7.408003807067871,7.635270118713379,9.686004638671875,7.555496692657471,8.6400146484375,7.635749816894531,9.154135704040527,8.552332878112793,8.274619102478027,9.48866081237793,7.857780456542969,6.424009323120117,8.17137336730957,7.358212947845459,8.73335075378418,7.5841827392578125,9.229397773742676,7.332548141479492,8.049638748168945,7.585309982299805,9.334928512573242,8.683151245117188,7.301645755767822,7.699521541595459,9.542943954467773,9.375682830810547,7.576045036315918,9.217814445495605,7.452451705932617,8.007959365844727,6.9788384437561035,8.820201873779297,8.484365463256836,7.116510391235352,7.868219375610352,6.324016571044922,7.153315544128418,8.381566047668457,8.557912826538086,8.109861373901367,9.933640480041504,7.601877689361572,9.927888870239258,10.09056282043457,8.110615730285645,9.673603057861328
2018-06-25 02:00:00,7.9658894538879395,8.346173286437988,8.132908821105957,8.397346496582031,7.23702335357666,7.778729438781738,9.615957260131836,7.23173713684082,8.715003967285156,7.702548503875732,9.169861793518066,8.633056640625,8.215887069702148,9.482985496520996,7.666932582855225,6.2999958992004395,8.211662292480469,7.094962120056152,8.831219673156738,7.340207099914551,9.3469820022583,7.350537300109863,8.002859115600586,7.685854911804199,9.38669204711914,8.654959678649902,7.285752296447754,7.978959083557129,9.728550910949707,9.402204513549805,7.912599563598633,9.265057563781738,7.327170372009277,8.047271728515625,7.125729084014893,8.803000450134277,8.423660278320312,7.243405342102051,7.645567417144775,6.514936923980713,7.513603210449219,8.11269760131836,8.729658126831055,7.910926818847656,9.601381301879883,7.726946830749512,9.996756553649902,10.259811401367188,7.494002342224121,9.672725677490234
2018-06-25 03:00:00,7.971320152282715,8.39871597290039,8.094581604003906,8.332244873046875,6.949741363525391,7.678733825683594,9.466604232788086,7.335419178009033,8.845418930053711,7.6114654541015625,9.248024940490723,8.799185752868652,8.121453285217285,9.470417022705078,7.5631561279296875,6.272916316986084,8.125188827514648,7.159735679626465,8.951210975646973,7.239145278930664,9.484862327575684,7.484230041503906,8.019451141357422,7.984953880310059,9.487689971923828,8.623159408569336,7.329707145690918,7.784038543701172,9.60598373413086,9.243311882019043,7.863868713378906,9.261964797973633,7.3099894523620605,7.937770843505859,7.047598838806152,8.775949478149414,8.586393356323242,6.898286819458008,7.419127464294434,6.511397361755371,7.139374732971191,7.998107433319092,8.642461776733398,7.63941764831543,9.682500839233398,7.7939653396606445,10.14488697052002,10.140339851379395,7.425803184509277,9.62571907043457
2018-06-25 04:00:00,7.967696189880371,8.320916175842285,8.130651473999023,8.502189636230469,6.928360939025879,7.63231086730957,9.386683464050293,7.580679893493652,8.952136993408203,7.680028915405273,9.361920356750488,8.858175277709961,8.11368179321289,9.505117416381836,7.384328842163086,6.475476264953613,8.042707443237305,7.305406093597412,8.961209297180176,7.035860538482666,9.545225143432617,7.647944450378418,8.006120681762695,8.019336700439453,9.43631362915039,8.626155853271484,7.575965404510498,7.886418342590332,9.530879974365234,9.317267417907715,8.038661003112793,9.340596199035645,7.36995792388916,7.756436347961426,6.88700008392334,8.757315635681152,8.625868797302246,6.9215850830078125,7.226352691650391,6.537128448486328,7.257098197937012,7.8058929443359375,8.650458335876465,7.372708320617676,9.562171936035156,7.893407821655273,10.253414154052734,10.159323692321777,7.500162124633789,9.684693336486816
2018-06-25 05:00:00,8.025127410888672,8.29932689666748,8.151633262634277,8.489341735839844,6.851228713989258,7.6252760887146,9.35326099395752,7.762241840362549,9.022343635559082,7.704055309295654,9.591768264770508,8.913467407226562,8.123598098754883,9.664306640625,7.197996616363525,6.584200859069824,8.019854545593262,7.537846565246582,9.03582763671875,6.91298770904541,9.71007251739502,7.902016639709473,8.069269180297852,8.105978012084961,9.534652709960938,8.570446014404297,7.63565731048584,7.907799243927002,9.675881385803223,9.505653381347656,8.272781372070312,9.498388290405273,7.36358642578125,7.742946624755859,6.923245429992676,8.756965637207031,8.728723526000977,6.920823097229004,7.1342878341674805,6.468391418457031,7.335137367248535,7.683680534362793,8.92575740814209,7.422981262207031,9.857616424560547,7.8617329597473145,10.447168350219727,10.086791038513184,7.477883338928223,9.745384216308594
2018-06-25 06:00:00,8.050088882446289,8.1756591796875,8.149667739868164,8.494876861572266,6.561764240264893,7.647307872772217,9.24569320678711,8.036413192749023,9.052923202514648,7.746266841888428,9.66076374053955,8.971187591552734,8.152448654174805,9.71623706817627,7.189478874206543,6.6069817543029785,8.216683387756348,7.803796291351318,9.037078857421875,6.93125581741333,9.809013366699219,7.888304710388184,8.133926391601562,8.010597229003906,9.662515640258789,8.657029151916504,7.777609825134277,7.925427436828613,9.544403076171875,9.876737594604492,8.348172187805176,9.649578094482422,7.519787788391113,7.736342430114746,7.018117904663086,8.807937622070312,8.90139389038086,6.867544174194336,7.154226779937744,6.61868953704834,7.294456481933594,7.814373016357422,8.956581115722656,7.437455654144287,10.205072402954102,8.005558967590332,10.508576393127441,10.11823844909668,7.396143913269043,9.74471664428711
2018-06-25 07:00:00,8.234237670898438,8.240711212158203,8.190457344055176,8.492116928100586,6.673460006713867,7.704778671264648,9.205184936523438,8.182119369506836,9.128374099731445,7.787191867828369,9.815948486328125,9.056107521057129,8.188000679016113,9.80846881866455,7.145979881286621,6.726131439208984,8.369956970214844,7.913943290710449,9.157355308532715,7.127050399780273,10.032548904418945,7.912540435791016,8.165850639343262,8.072372436523438,9.75146484375,8.69137954711914,7.784163951873779,8.17648696899414,9.779410362243652,10.012182235717773,8.385746002197266,9.762008666992188,7.33830451965332,7.764883518218994,7.139066219329834,8.73073673248291,9.071635246276855,6.966921806335449,7.251145362854004,6.538417339324951,7.491768836975098,7.541224002838135,9.10241985321045,7.401731014251709,10.183609008789062,8.509040832519531,10.702467918395996,10.400745391845703,7.455902099609375,9.813069343566895
2018-06-25 08:00:00,8.29910659790039,8.324371337890625,8.324352264404297,8.481279373168945,6.614567756652832,7.8012895584106445,9.228812217712402,8.290728569030762,9.261811256408691,7.873313903808594,10.020391464233398,9.085468292236328,8.318618774414062,10.01712703704834,7.357476234436035,6.767193794250488,8.586708068847656,7.830366134643555,9.315054893493652,7.348827838897705,10.236309051513672,7.904038429260254,8.35814380645752,7.933058738708496,9.745655059814453,8.71158218383789,7.884282112121582,8.42080307006836,9.986224174499512,10.152928352355957,7.873780250549316,9.722378730773926,7.656140327453613,7.831324100494385,7.4306230545043945,8.817931175231934,9.147966384887695,7.03122615814209,7.275261402130127,6.73333740234375,7.52021598815918,7.452772617340088,9.116735458374023,7.570123195648193,10.157907485961914,8.508495330810547,10.968213081359863,10.18519115447998,7.749883651733398,9.974267959594727
2018-06-25 09:00:00,8.364883422851562,8.460028648376465,8.54699993133545,8.536603927612305,6.632232189178467,7.9193220138549805,9.4149169921875,8.299514770507812,9.339609146118164,7.870181083679199,10.189371109008789,9.269065856933594,8.504007339477539,10.204197883605957,7.559087753295898,6.794940948486328,8.697324752807617,7.710932731628418,9.47723388671875,7.473803997039795,10.25430965423584,8.026382446289062,8.461012840270996,7.9822282791137695,9.731206893920898,8.838485717773438,8.085371971130371,8.508962631225586,9.989988327026367,10.254584312438965,7.51991605758667,9.662073135375977,7.557219505310059,7.921186447143555,7.408836841583252,8.879545211791992,9.440998077392578,7.0885210037231445,7.252263069152832,6.774171352386475,7.516598701477051,7.155244827270508,9.245011329650879,7.703786849975586,10.391338348388672,8.452685356140137,11.008454322814941,10.258611679077148,8.176231384277344,9.96537971496582
2018-06-25 10:00:00,8.434686660766602,8.693696975708008,8.822532653808594,8.83272933959961,6.649350643157959,8.038518905639648,9.533541679382324,8.436882019042969,9.625697135925293,7.999528408050537,10.33203125,9.47470474243164,8.621210098266602,10.39332389831543,7.705144882202148,6.794020652770996,8.90160846710205,7.749142646789551,9.636860847473145,7.659463882446289,10.487229347229004,8.269264221191406,8.502847671508789,8.074711799621582,9.877163887023926,9.171138763427734,8.395242691040039,8.607857704162598,10.205245018005371,10.4176025390625,7.499519348144531,9.857690811157227,7.837451457977295,8.0916748046875,7.588606834411621,9.087955474853516,9.62821102142334,7.090743064880371,7.336124420166016,7.051698207855225,7.542135715484619,6.8383684158325195,9.346175193786621,7.860954284667969,10.330304145812988,8.523031234741211,11.14205551147461,10.593852043151855,8.613551139831543,10.105619430541992
2018-06-25 11:00:00,8.628084182739258,8.889206886291504,8.994743347167969,8.9966402053833,6.666839599609375,8.093697547912598,9.841998100280762,8.497520446777344,9.79619026184082,8.294197082519531,10.301382064819336,9.602766036987305,8.924381256103516,10.407633781433105,7.915396690368652,6.834049701690674,9.060546875,7.515584468841553,9.809783935546875,7.745781421661377,10.547677993774414,8.420402526855469,8.526089668273926,8.009554862976074,10.0086030960083,9.260887145996094,8.531305313110352,8.745662689208984,10.375272750854492,10.480277061462402,7.342981338500977,9.964788436889648,7.909919738769531,8.335958480834961,7.426604747772217,9.141987800598145,9.774210929870605,7.135072231292725,7.481198310852051,7.094959259033203,7.4108123779296875,6.8488969802856445,9.681883811950684,7.838576316833496,10.46860122680664,8.610910415649414,11.187504768371582,10.778166770935059,8.934660911560059,10.367984771728516
2018-06-25 12:00:00,8.871203422546387,8.996496200561523,9.026174545288086,9.043594360351562,6.641265869140625,8.021119117736816,10.022248268127441,8.499831199645996,10.011274337768555,8.476240158081055,10.345038414001465,9.793521881103516,9.114306449890137,10.412115097045898,8.094705581665039,6.9729108810424805,9.148306846618652,7.329301357269287,10.02133560180664,7.8753204345703125,10.470661163330078,8.400793075561523,8.737582206726074,8.234545707702637,10.278085708618164,9.291913986206055,8.7142333984375,8.865216255187988,10.528861999511719,10.57448673248291,7.480429172515869,9.973245620727539,8.025642395019531,8.547649383544922,7.504241943359375,9.092839241027832,9.545343399047852,7.463222503662109,7.663418769836426,7.395742893218994,7.180746078491211,6.616405963897705,9.879844665527344,8.089613914489746,10.560685157775879,9.026320457458496,11.354995727539062,10.720230102539062,8.9798583984375,10.433404922485352
2018-06-25 13:00:00,9.124767303466797,9.13945198059082,9.179964065551758,9.308149337768555,6.855494499206543,8.281503677368164,10.334823608398438,8.60229206085205,10.186667442321777,8.627994537353516,10.596173286437988,10.065842628479004,9.37071418762207,10.786609649658203,8.265432357788086,7.074860572814941,9.303251266479492,7.269298553466797,10.22157096862793,7.894433975219727,10.754249572753906,8.802035331726074,9.01437759399414,8.287528991699219,10.47728157043457,9.49318790435791,8.813217163085938,8.999897956848145,10.650793075561523,10.635257720947266,7.422703266143799,10.177600860595703,8.130640029907227,8.831277847290039,7.487322807312012,9.143142700195312,10.032828330993652,7.621079921722412,7.770716190338135,7.8099188804626465,7.325190544128418,6.460780143737793,10.03642463684082,8.258358001708984,10.702966690063477,9.35981273651123,11.509429931640625,11.394571304321289,9.408934593200684,10.613324165344238
2018-06-25 14:00:00,9.485456466674805,9.433538436889648,9.406463623046875,9.667113304138184,7.13986873626709,8.419778823852539,10.268805503845215,8.90027141571045,10.23448657989502,8.942482948303223,10.784472465515137,10.283368110656738,9.626953125,11.092891693115234,8.595573425292969,7.442950248718262,9.642854690551758,7.491236686706543,10.371891021728516,7.9298505783081055,11.072092056274414,9.069377899169922,9.20885944366455,8.44506549835205,10.663724899291992,9.534124374389648,9.067890167236328,9.05064868927002,10.539891242980957,10.52971363067627,7.435461044311523,10.266976356506348,8.372018814086914,8.9619722366333,7.716139793395996,9.400301933288574,10.463732719421387,8.127289772033691,7.787877082824707,7.805763244628906,7.339351654052734,6.3949737548828125,10.573036193847656,8.642623901367188,11.131065368652344,9.660643577575684,11.773317337036133,12.07724666595459,9.741778373718262,10.693648338317871
2018-06-25 15:00:00,9.802976608276367,9.885278701782227,9.605374336242676,9.807361602783203,7.904137134552002,8.845518112182617,10.314236640930176,9.209779739379883,10.33673095703125,9.071755409240723,11.119160652160645,10.371564865112305,9.885458946228027,11.351395606994629,9.035266876220703,8.019366264343262,9.921220779418945,7.933507919311523,10.407461166381836,7.998749732971191,11.401265144348145,9.212211608886719,9.465746879577637,9.050868034362793,10.68692684173584,9.954597473144531,9.151449203491211,9.297712326049805,10.486801147460938,10.757089614868164,7.580798149108887,10.534134864807129,8.790679931640625,9.111481666564941,7.905705451965332,9.606395721435547,10.710325241088867,8.461180686950684,7.985903739929199,8.009393692016602,7.414972305297852,6.2963714599609375,11.05642318725586,9.054863929748535,11.262167930603027,10.082847595214844,12.039006233215332,12.660236358642578,9.656875610351562,11.031729698181152
2018-06-25 16:00:00,10.180191040039062,10.065040588378906,9.894516944885254,10.09420394897461,8.359077453613281,9.159879684448242,10.379081726074219,9.442902565002441,10.32138442993164,9.087575912475586,11.289305686950684,10.443007469177246,10.048937797546387,11.554747581481934,9.24066162109375,8.628915786743164,9.889511108398438,7.91046142578125,10.376151084899902,8.211005210876465,11.659955978393555,9.292150497436523,9.586491584777832,9.173012733459473,10.683459281921387,10.022835731506348,9.443130493164062,9.61684799194336,10.553352355957031,10.898870468139648,7.560265064239502,10.764777183532715,9.120284080505371,9.2747802734375,8.084516525268555,9.836216926574707,11.150784492492676,8.784979820251465,8.331291198730469,8.225723266601562,7.292655944824219,6.11899471282959,10.859920501708984,9.016098022460938,11.472187042236328,10.223579406738281,12.30463981628418,12.866090774536133,9.905172348022461,11.089463233947754
2018-06-25 17:00:00,10.242082595825195,10.182765007019043,10.025144577026367,10.173956871032715,8.576104164123535,9.475546836853027,10.374360084533691,9.5925931930542,10.25864028930664,9.210606575012207,11.45651912689209,10.55616283416748,10.211312294006348,11.558704376220703,9.40941047668457,9.018630027770996,9.984905242919922,7.820052146911621,10.321990966796875,8.351977348327637,11.573553085327148,9.432439804077148,9.729818344116211,9.138590812683105,10.618951797485352,10.18984603881836,9.45016860961914,9.822619438171387,10.513055801391602,10.83597183227539,7.307590484619141,10.942523002624512,9.290072441101074,9.260759353637695,8.017622947692871,9.880056381225586,11.065910339355469,9.089385032653809,8.570286750793457,8.176301002502441,7.202482223510742,5.9891533851623535,10.687399864196777,8.960010528564453,11.572510719299316,10.121217727661133,12.185463905334473,12.785053253173828,9.899822235107422,11.021249771118164
2018-06-25 18:00:00,10.341756820678711,10.06633186340332,10.166534423828125,10.116595268249512,8.760738372802734,9.550247192382812,10.11250114440918,9.761486053466797,10.204455375671387,9.274038314819336,11.69686508178711,10.55143928527832,10.250213623046875,11.734383583068848,9.355264663696289,9.01767635345459,9.881414413452148,8.085521697998047,10.234501838684082,8.2970552444458,11.646078109741211,9.559144973754883,9.607381820678711,9.08080005645752,10.596454620361328,10.20934772491455,9.279065132141113,9.815074920654297,10.390913963317871,10.774819374084473,7.171689987182617,11.111611366271973,9.086776733398438,9.164331436157227,8.01016902923584,9.83242130279541,11.103676795959473,9.086679458618164,8.72976303100586,8.054746627807617,7.027822017669678,5.227237701416016,10.42469310760498,8.782773971557617,11.440698623657227,10.10141658782959,12.05410099029541,12.531408309936523,10.318526268005371,10.903306007385254
2018-06-25 19:00:00,10.16774845123291,10.026460647583008,9.967199325561523,9.972312927246094,8.682130813598633,9.509177207946777,9.997421264648438,9.641812324523926,10.153600692749023,9.200271606445312,11.582592964172363,10.441725730895996,10.12728214263916,11.471403121948242,9.270423889160156,8.747598648071289,9.802048683166504,8.077683448791504,10.157068252563477,8.187799453735352,11.241622924804688,9.239826202392578,9.533634185791016,8.85412883758545,10.462900161743164,10.034024238586426,9.102493286132812,9.703351020812988,10.197263717651367,10.665209770202637,6.940847396850586,10.833683967590332,8.641115188598633,9.064767837524414,7.748244285583496,9.628252029418945,10.783514022827148,8.958456993103027,8.779129028320312,7.834131240844727,6.9384050369262695,4.881065368652344,10.251446723937988,8.71890640258789,11.324131965637207,10.020278930664062,11.928410530090332,12.258308410644531,10.297340393066406,10.663053512573242
2018-06-25 20:00:00,10.008771896362305,9.964381217956543,9.798091888427734,9.782234191894531,8.580596923828125,9.492244720458984,9.85892105102539,9.776235580444336,9.998587608337402,9.10917854309082,11.227699279785156,10.31193733215332,10.027838706970215,11.097984313964844,9.117713928222656,8.51142406463623,9.762162208557129,7.903168678283691,10.005497932434082,8.154638290405273,11.061529159545898,8.756580352783203,9.591039657592773,8.923946380615234,10.282508850097656,10.121610641479492,9.044339179992676,9.547079086303711,9.900744438171387,10.243175506591797,6.560564994812012,10.666426658630371,8.554729461669922,8.864852905273438,7.629853248596191,9.485848426818848,10.672462463378906,8.85716438293457,8.897851943969727,7.719551086425781,7.072609901428223,4.40321159362793,10.05061149597168,8.710763931274414,11.027060508728027,9.899585723876953,11.666808128356934,11.920568466186523,10.130339622497559,10.368958473205566
2018-06-25 21:00:00,9.929997444152832,9.78549861907959,9.781905174255371,9.799598693847656,8.470756530761719,9.345754623413086,9.720783233642578,9.653989791870117,9.972681045532227,9.094274520874023,10.949591636657715,10.104512214660645,9.985320091247559,10.688737869262695,9.002028465270996,8.343339920043945,9.467386245727539,7.765185356140137,9.963881492614746,8.019572257995605,10.936429977416992,8.569615364074707,9.60386848449707,8.956296920776367,10.059661865234375,10.103127479553223,8.91311264038086,9.538520812988281,9.717138290405273,10.132720947265625,6.451643943786621,10.30607795715332,8.50279426574707,8.779651641845703,7.555706977844238,9.269003868103027,10.325624465942383,8.656303405761719,8.868636131286621,7.790374755859375,7.034108638763428,4.632163047790527,9.999116897583008,8.678215980529785,10.821969032287598,9.640240669250488,11.280936241149902,11.97836971282959,10.119331359863281,10.12031364440918
2018-06-25 22:00:00,9.726054191589355,9.758255004882812,9.75629711151123,9.79664134979248,8.183378219604492,9.321198463439941,9.487767219543457,9.621978759765625,9.782157897949219,9.080528259277344,10.741474151611328,9.977972984313965,9.751143455505371,10.363253593444824,8.71130084991455,8.20536994934082,9.213255882263184,7.815988063812256,9.785534858703613,7.947417259216309,10.944802284240723,8.488737106323242,9.51330280303955,8.972457885742188,9.9426908493042,10.018457412719727,8.824507713317871,9.623998641967773,9.48943042755127,10.198508262634277,6.513998031616211,10.022720336914062,8.250544548034668,8.73959732055664,7.300256729125977,9.084113121032715,10.151422500610352,8.631218910217285,8.797113418579102,7.916118621826172,6.937369346618652,4.826957702636719,9.772390365600586,8.58993911743164,10.701702117919922,9.598751068115234,11.083271980285645,11.72626781463623,9.961199760437012,9.946002960205078
2018-06-25 23:00:00,9.478788375854492,9.588526725769043,9.546319007873535,9.777770042419434,7.976485252380371,9.245779991149902,9.475533485412598,9.57520866394043,9.761845588684082,9.079940795898438,10.599294662475586,9.751639366149902,9.549140930175781,10.09155559539795,8.577399253845215,8.141698837280273,9.168715476989746,7.4141387939453125,9.76278305053711,7.720817565917969,11.0123872756958,8.352514266967773,9.518696784973145,8.898026466369629,9.722785949707031,9.961499214172363,8.839506149291992,9.545185089111328,9.328343391418457,10.028553009033203,6.636509895324707,9.93676471710205,8.224553108215332,8.761661529541016,7.236941337585449,8.963400840759277,9.934642791748047,8.654561996459961,8.57082748413086,7.8639960289001465,7.017747402191162,5.072779178619385,9.551606178283691,8.686918258666992,10.768074035644531,9.542304992675781,10.761431694030762,11.38697624206543,9.8232421875,9.695145606994629
2018-06-26 00:00:00,9.288190841674805,9.61456298828125,9.5447998046875,9.594773292541504,7.91501522064209,9.144341468811035,9.451330184936523,9.610262870788574,9.558019638061523,9.097241401672363,10.325363159179688,9.552495956420898,9.549910545349121,10.09538745880127,8.368234634399414,7.913810729980469,9.11620807647705,7.078835487365723,9.556612014770508,7.549102783203125,10.961560249328613,8.33238697052002,9.542295455932617,8.850897789001465,9.50246810913086,9.861781120300293,8.727190971374512,9.606623649597168,9.398946762084961,10.091379165649414,6.595230579376221,9.782475471496582,8.143509864807129,8.65369987487793,7.115390777587891,8.645137786865234,9.730186462402344,8.622668266296387,8.497944831848145,7.94646692276001,6.781731605529785,5.381118297576904,9.660877227783203,8.630379676818848,10.649988174438477,9.605280876159668,10.579367637634277,11.246295928955078,9.593932151794434,9.485513687133789
2018-06-26 01:00:00,9.309473037719727,9.54777717590332,9.559370040893555,9.471569061279297,7.829622268676758,8.72838020324707,9.412757873535156,9.609642028808594,9.528828620910645,9.056024551391602,10.018715858459473,9.532851219177246,9.531768798828125,9.915750503540039,8.202349662780762,7.633566856384277,9.051772117614746,7.0694074630737305,9.52692985534668,7.392179489135742,10.672886848449707,8.474160194396973,9.523987770080566,8.75805377960205,9.477787971496582,9.855981826782227,8.717631340026855,9.466469764709473,9.344183921813965,9.936277389526367,6.41989803314209,9.757246017456055,7.989721298217773,8.518692970275879,7.041820526123047,8.660029411315918,9.529314994812012,8.689367294311523,8.242517471313477,8.006943702697754,6.872412204742432,5.558254241943359,9.617250442504883,8.588968276977539,10.316224098205566,9.590112686157227,10.378499984741211,10.983951568603516,9.164323806762695,9.29050064086914
2018-06-26 02:00:00,9.2584810256958,9.57275104522705,9.517369270324707,9.241653442382812,7.759897232055664,8.563019752502441,9.270533561706543,9.52109146118164,9.53183364868164,8.819925308227539,9.939549446105957,9.512248039245605,9.513537406921387,9.67109203338623,8.037641525268555,7.529102325439453,8.90574836730957,7.098271369934082,9.532476425170898,7.299112796783447,10.236432075500488,8.500000953674316,9.478437423706055,8.765340805053711,9.260189056396484,9.772944450378418,8.671053886413574,9.120621681213379,9.24995231628418,9.791221618652344,6.315780162811279,9.55567741394043,7.9372406005859375,8.351592063903809,6.871040344238281,8.739279747009277,9.48904800415039,8.641676902770996,7.926053047180176,8.157726287841797,6.975032806396484,5.317253112792969,9.434953689575195,8.6342191696167,10.108060836791992,9.65787124633789,10.117880821228027,10.726611137390137,8.886727333068848,9.251690864562988
2018-06-26 03:00:00,9.076077461242676,9.516736030578613,9.555015563964844,9.209426879882812,7.968395233154297,8.5848388671875,9.142353057861328,9.654634475708008,9.537734031677246,8.790227890014648,9.71187686920166,9.530981063842773,9.547935485839844,9.562970161437988,7.891844272613525,7.584277153015137,8.909173965454102,7.176844596862793,9.532454490661621,7.2891082763671875,9.995967864990234,8.54604434967041,9.275070190429688,8.730395317077637,9.097959518432617,9.56607437133789,8.655433654785156,9.346203804016113,9.06429386138916,9.712806701660156,6.173090934753418,9.589940071105957,7.863959312438965,8.313422203063965,6.95858097076416,8.732073783874512,9.384927749633789,8.53264045715332,7.468202590942383,8.064807891845703,7.009793281555176,5.421072006225586,9.462306022644043,8.599079132080078,10.210838317871094,9.67545223236084,10.181105613708496,10.744650840759277,8.895923614501953,9.122295379638672
2018-06-26 04:00:00,9.15709114074707,9.6492919921875,9.603389739990234,9.1442232131958,8.01999282836914,8.486815452575684,9.067915916442871,9.558466911315918,9.585217475891113,8.820489883422852,9.561929702758789,9.591328620910645,9.585840225219727,9.544692993164062,7.821009635925293,7.436282157897949,8.866180419921875,7.23492431640625,9.570640563964844,7.234241485595703,10.112089157104492,8.564903259277344,9.181897163391113,8.623170852661133,9.055917739868164,9.543905258178711,8.55167293548584,9.333104133605957,8.815154075622559,9.732779502868652,6.269792079925537,9.595603942871094,7.878023624420166,8.34461784362793,6.8320136070251465,8.691001892089844,9.325433731079102,8.507855415344238,7.493037223815918,8.237051010131836,7.15870475769043,5.276219844818115,9.50088882446289,8.653861999511719,10.218499183654785,9.722861289978027,10.111692428588867,10.745134353637695,8.636395454406738,9.135868072509766
2018-06-26 05:00:00,9.101911544799805,9.607318878173828,9.58232307434082,9.11434555053711,7.9633002281188965,8.241691589355469,9.103645324707031,9.314265251159668,9.577484130859375,8.79416275024414,9.484848976135254,9.577247619628906,9.57370376586914,9.613670349121094,7.7575836181640625,7.267477035522461,8.850918769836426,7.262020111083984,9.581886291503906,7.212288856506348,10.020184516906738,8.605300903320312,9.099088668823242,8.730798721313477,8.84686279296875,9.609222412109375,8.405106544494629,9.144170761108398,8.785466194152832,9.710847854614258,6.233415603637695,9.480027198791504,7.7602949142456055,8.363100051879883,6.691871643066406,8.660400390625,9.267382621765137,8.186647415161133,7.434843063354492,8.234806060791016,7.404112815856934,5.5075531005859375,9.476093292236328,8.768325805664062,10.05257797241211,9.648673057556152,10.079815864562988,10.576923370361328,8.690136909484863,8.988496780395508
2018-06-26 06:00:00,9.142632484436035,9.555046081542969,9.585880279541016,9.11074447631836,8.048659324645996,8.217004776000977,9.188562393188477,9.377152442932129,9.602181434631348,8.812063217163086,9.4966402053833,9.60750961303711,9.589971542358398,9.503983497619629,7.76072883605957,7.469821453094482,8.843006134033203,7.439146518707275,9.61803913116455,7.227826118469238,10.039794921875,8.776260375976562,9.09618854522705,8.79532241821289,8.881526947021484,9.672555923461914,8.27613353729248,9.049806594848633,8.704204559326172,9.745954513549805,6.490432262420654,9.355888366699219,7.952592849731445,8.411746978759766,6.805534362792969,8.45982837677002,9.27431583404541,8.20218276977539,7.331295490264893,8.383594512939453,7.38667106628418,5.537345886230469,9.342460632324219,8.730626106262207,10.17874526977539,9.860008239746094,10.209078788757324,10.484781265258789,9.130825996398926,8.884138107299805
2018-06-26 07:00:00,9.178483009338379,9.565455436706543,9.632878303527832,9.144707679748535,7.906241416931152,8.184048652648926,9.227523803710938,9.261275291442871,9.619976043701172,8.870935440063477,9.443017959594727,9.656424522399902,9.622790336608887,9.55933952331543,7.8734354972839355,7.212958335876465,8.889533996582031,7.298271656036377,9.625855445861816,7.295779705047607,9.993016242980957,8.667617797851562,9.107487678527832,8.781221389770508,8.824721336364746,9.613499641418457,8.215242385864258,8.94494342803955,8.546137809753418,9.676308631896973,6.754186630249023,9.341940879821777,8.233569145202637,8.377718925476074,6.724957466125488,8.371292114257812,9.275163650512695,8.143969535827637,7.664801120758057,8.552998542785645,7.476928234100342,5.515618801116943,9.636503219604492,8.836623191833496,10.085247993469238,10.01963996887207,10.356040000915527,10.29256534576416,9.305004119873047,8.780816078186035
2018-06-26 08:00:00,9.202507019042969,9.596224784851074,9.575418472290039,9.051495552062988,7.702528476715088,8.248257637023926,9.072189331054688,9.198616981506348,9.601764678955078,8.857007026672363,9.395771026611328,9.590150833129883,9.562142372131348,9.609155654907227,7.707781791687012,7.255312442779541,8.806756973266602,7.253082275390625,9.605559349060059,7.3141865730285645,10.002140045166016,8.6299467086792,9.078166007995605,8.719608306884766,8.761022567749023,9.670507431030273,8.026474952697754,8.910715103149414,8.538863182067871,9.743428230285645,6.912107467651367,9.37156867980957,8.106271743774414,8.335118293762207,6.804832458496094,7.9860758781433105,9.025215148925781,8.008476257324219,7.841147422790527,8.3876371383667,7.50373649597168,5.3935546875,9.395197868347168,8.917119979858398,10.258946418762207,10.173237800598145,10.264029502868652,9.752418518066406,9.419007301330566,8.819104194641113
2018-06-26 09:00:00,9.245180130004883,9.699447631835938,9.58635425567627,9.087657928466797,7.717313766479492,8.33080768585205,9.050987243652344,9.200949668884277,9.641115188598633,8.949679374694824,9.382115364074707,9.617818832397461,9.572138786315918,9.412793159484863,7.635943412780762,6.985902309417725,8.779972076416016,7.3317365646362305,9.652057647705078,7.28946590423584,10.034700393676758,8.703495025634766,9.221813201904297,8.778996467590332,8.908790588378906,9.748215675354004,7.843459129333496,9.006143569946289,8.403973579406738,9.734893798828125,7.375182151794434,9.281837463378906,8.143149375915527,8.46308708190918,6.683314800262451,7.923544883728027,9.033099174499512,7.997837066650391,7.9795379638671875,8.217004776000977,7.164888381958008,5.45998477935791,9.306035041809082,9.158273696899414,10.267023086547852,10.10239028930664,10.267992973327637,9.916035652160645,9.305886268615723,8.817992210388184
2018-06-26 10:00:00,9.326749801635742,9.617609977722168,9.608251571655273,9.188796997070312,7.669921875,8.375774383544922,8.985182762145996,9.173842430114746,9.66375732421875,8.91377067565918,9.470170021057129,9.655885696411133,9.608280181884766,9.36311149597168,7.822206497192383,6.698073387145996,8.820836067199707,7.242462158203125,9.666894912719727,7.382402420043945,10.035531044006348,8.820150375366211,9.241644859313965,8.734053611755371,8.857483863830566,9.78480052947998,7.915448188781738,8.930500030517578,8.25646686553955,9.757406234741211,8.04798698425293,9.352054595947266,8.05162239074707,8.42531967163086,6.727171897888184,7.665761947631836,9.031830787658691,8.095392227172852,8.026517868041992,7.921485424041748,6.965746879577637,5.282497406005859,9.312090873718262,9.030450820922852,10.490876197814941,10.156756401062012,10.43283462524414,10.054792404174805,9.386737823486328,9.019840240478516
2018-06-26 11:00:00,9.452716827392578,9.71554183959961,9.636792182922363,9.214717864990234,7.823254585266113,8.469230651855469,9.143320083618164,9.382064819335938,9.709734916687012,8.97811508178711,9.576288223266602,9.723932266235352,9.625986099243164,9.459248542785645,7.957571029663086,6.912605285644531,8.902222633361816,7.317963600158691,9.724905014038086,7.448740005493164,10.217446327209473,8.998249053955078,9.260736465454102,8.812500953674316,9.03902530670166,9.902889251708984,7.970109939575195,9.244423866271973,8.248446464538574,9.925265312194824,8.192924499511719,9.424433708190918,8.176875114440918,8.513406753540039,6.956950664520264,7.813215732574463,9.059146881103516,8.411277770996094,7.928436279296875,8.23532485961914,6.872751235961914,5.081284046173096,9.247130393981934,8.887550354003906,10.795268058776855,10.108080863952637,10.667889595031738,10.345224380493164,9.804252624511719,9.186090469360352
2018-06-26 12:00:00,9.484357833862305,9.735608100891113,9.677245140075684,9.318852424621582,7.859674453735352,8.438238143920898,9.143558502197266,9.583158493041992,9.693892478942871,9.012426376342773,9.764442443847656,9.71475887298584,9.700940132141113,9.507113456726074,8.161558151245117,7.072220802307129,8.946951866149902,7.484630584716797,9.749788284301758,7.46314001083374,10.250072479248047,8.938491821289062,9.283491134643555,8.87836742401123,9.13529109954834,9.875868797302246,8.385536193847656,9.307456970214844,8.40925407409668,10.025298118591309,8.289693832397461,9.53197193145752,8.11739730834961,8.534427642822266,7.090189456939697,7.730189323425293,9.13687801361084,8.388679504394531,7.771508693695068,8.40422534942627,6.758096694946289,5.695384979248047,9.043038368225098,8.903959274291992,10.92922306060791,10.350547790527344,10.704647064208984,10.321379661560059,10.446319580078125,9.346563339233398
2018-06-26 13:00:00,9.617790222167969,9.860682487487793,9.797426223754883,9.533979415893555,8.279961585998535,8.678014755249023,9.325926780700684,9.740699768066406,9.80434799194336,9.112954139709473,9.921008110046387,9.88726806640625,9.837150573730469,9.637153625488281,8.399018287658691,7.20033073425293,9.041316032409668,7.671828269958496,9.820691108703613,7.469656944274902,10.53768539428711,9.227858543395996,9.394977569580078,9.044783592224121,9.338614463806152,9.993804931640625,8.627461433410645,9.590583801269531,8.647902488708496,10.10219955444336,7.733417510986328,9.708889961242676,8.185810089111328,8.676624298095703,7.211734771728516,7.962146759033203,9.468534469604492,8.707320213317871,7.887343883514404,8.548739433288574,6.644384384155273,5.592162132263184,8.933111190795898,9.00536823272705,11.288552284240723,10.444291114807129,11.021509170532227,10.4767484664917,10.518203735351562,9.60312557220459
2018-06-26 14:00:00,9.830818176269531,10.094514846801758,10.035876274108887,9.797677040100098,8.591775894165039,8.921793937683105,9.459369659423828,9.672050476074219,9.982634544372559,9.319863319396973,10.09532642364502,10.100418090820312,10.10484790802002,9.676152229309082,8.692662239074707,7.621612548828125,9.094808578491211,7.941219329833984,10.017037391662598,7.3925580978393555,10.733067512512207,9.479366302490234,9.508840560913086,9.051412582397461,9.522439956665039,10.161025047302246,8.832441329956055,9.662616729736328,8.829129219055176,10.217414855957031,7.565176963806152,9.69753646850586,8.238700866699219,8.822516441345215,7.362301349639893,8.207731246948242,9.614925384521484,8.93918228149414,7.868363857269287,8.673290252685547,6.628409385681152,5.50935173034668,8.655588150024414,9.18585205078125,11.301706314086914,10.643285751342773,11.080283164978027,10.745353698730469,10.448163986206055,9.753952980041504
2018-06-26 15:00:00,9.961734771728516,10.233168601989746,10.10288143157959,10.021849632263184,8.800437927246094,9.010794639587402,9.438482284545898,9.912272453308105,9.811280250549316,9.45372486114502,10.065254211425781,10.010120391845703,10.177355766296387,9.781512260437012,8.915419578552246,7.657559871673584,9.089694023132324,7.8458428382873535,10.022724151611328,7.47182035446167,10.750787734985352,9.331892013549805,9.687736511230469,9.086730003356934,9.640064239501953,10.166547775268555,9.07410717010498,9.879408836364746,9.050224304199219,10.218945503234863,7.59090518951416,9.707019805908203,8.453642845153809,8.810979843139648,7.456944465637207,8.531620025634766,9.641975402832031,9.026571273803711,7.7370805740356445,8.861043930053711,6.284524440765381,5.366787433624268,8.75180435180664,9.29348373413086,11.207091331481934,10.84338092803955,11.119354248046875,10.660030364990234,11.34123706817627,9.61741828918457
2018-06-26 16:00:00,9.888239860534668,10.001233100891113,10.034891128540039,10.086675643920898,8.915246963500977,8.905620574951172,9.376606941223145,9.818204879760742,9.795958518981934,9.438612937927246,10.050374984741211,9.98696517944336,10.075395584106445,9.725893020629883,8.940179824829102,7.827353477478027,9.098365783691406,7.884673118591309,9.99853229522705,7.486881256103516,10.64963150024414,9.106886863708496,9.67175579071045,9.079015731811523,9.571825981140137,10.032506942749023,9.079153060913086,9.752273559570312,9.077807426452637,10.149535179138184,7.836771011352539,9.703323364257812,8.431098937988281,8.794727325439453,7.291119575500488,8.8291015625,9.597167015075684,8.950925827026367,7.89615535736084,8.839537620544434,6.288086891174316,4.9897613525390625,8.727182388305664,9.502050399780273,11.090353012084961,10.941412925720215,11.018268585205078,10.680985450744629,11.838276863098145,9.578067779541016
2018-06-26 17:00:00,9.904878616333008,9.935107231140137,10.01323127746582,10.098074913024902,9.12929916381836,9.061808586120605,9.351982116699219,9.943201065063477,9.729268074035645,9.425874710083008,9.997687339782715,9.788804054260254,10.044992446899414,9.739065170288086,9.013720512390137,7.722322463989258,9.163240432739258,7.58981990814209,9.955012321472168,7.3224382400512695,10.490116119384766,8.932493209838867,9.64456844329834,9.159858703613281,9.53228759765625,10.007370948791504,9.315328598022461,9.75092887878418,9.268891334533691,10.07278060913086,7.372128486633301,9.671223640441895,8.459193229675293,8.7642240524292,7.287639617919922,9.200135231018066,9.921072006225586,9.042476654052734,7.9677653312683105,8.904333114624023,6.310212135314941,4.83391809463501,8.83269214630127,9.75047492980957,10.89876651763916,10.947006225585938,10.898371696472168,10.665390968322754,12.18259334564209,9.494789123535156
2018-06-26 18:00:00,9.796607971191406,9.833727836608887,9.975974082946777,9.954998970031738,9.109814643859863,8.948549270629883,9.239738464355469,9.942031860351562,9.519055366516113,9.364115715026855,9.969629287719727,9.722579002380371,9.977442741394043,9.705193519592285,9.017274856567383,7.665027618408203,9.147567749023438,7.267066955566406,9.750421524047852,7.270176887512207,10.296067237854004,8.822013854980469,9.64560604095459,9.091758728027344,9.454305648803711,9.997049331665039,9.409794807434082,9.468031883239746,9.220776557922363,9.907523155212402,6.959212303161621,9.540287971496582,8.484110832214355,8.790617942810059,7.0126118659973145,9.193365097045898,9.875182151794434,8.941584587097168,8.247827529907227,8.840794563293457,6.490143299102783,4.678524017333984,8.550362586975098,9.67211627960205,10.749422073364258,11.01002311706543,10.735207557678223,10.591678619384766,11.889620780944824,9.220413208007812
2018-06-26 19:00:00,9.681707382202148,9.621159553527832,9.681273460388184,9.586892127990723,8.887520790100098,8.740765571594238,9.17306900024414,9.875859260559082,9.460210800170898,9.273449897766113,9.70087718963623,9.486865043640137,9.711094856262207,9.328277587890625,8.927176475524902,7.810587406158447,9.005155563354492,7.276292324066162,9.492408752441406,7.126223564147949,9.938851356506348,8.5435791015625,9.52053165435791,8.959766387939453,9.1825590133667,9.868178367614746,8.976916313171387,9.338232040405273,9.286447525024414,9.810699462890625,6.902764320373535,9.340014457702637,8.229238510131836,8.667673110961914,6.819615364074707,9.04849624633789,9.672917366027832,8.89587688446045,8.250551223754883,8.755504608154297,6.326108455657959,4.294116497039795,8.459855079650879,9.5469970703125,10.58473014831543,10.791316032409668,10.511978149414062,10.267816543579102,12.148143768310547,8.965675354003906
